<?xml version="1.0" encoding="UTF-8"?>
<!DOCTYPE mapper PUBLIC "-//mybatis.org//DTD Mapper 3.0//EN"
  "http://mybatis.org/dtd/mybatis-3-mapper.dtd">
<!-- namespace : xml파일은 여러개일 수 있음. 
이를 구별하기 위한 식별 용도로 사용 -->
<mapper namespace="kr.or.ddit.mapper.ArticleMapper">
	<!-- MyBatis에서 제공해주는 데이터 입력을 나타내는 태그
	1) 드루와 : Dao 객체가 던진 데이터타입.parameterType만 씀
	2) 가즈아 : Dao 객체의 메소드 쪽으로 리턴할 타입.
	  - resultType : vo, hashMap, String, int
	  - resultMap  : MyBatis의 resultMap 태그를 사용
	-->
	<!-- 
	ArticleVO(articleNo=0, writerId=a001, writerName=개똥이, title=닥터로이어
		    , artContent=<p>내용입니다요</p>
			, regdate=null, moddate=null, readCnt=0)
	-->
	<sql id="where">
		<!-- 전체검색 -->
		<if test="keyword!=null and cond==''">
			AND (
					TITLE 		LIKE '%' || #{keyword}  || '%' OR
					ART_CONTENT LIKE '%' || #{keyword}  || '%' OR
					WRITER_NAME LIKE '%' || #{keyword}  || '%'
				)
		</if>
		<!-- 조건검색 -->
		<if test="cond!=null and !cond.equals('')">
			<choose>
				<when test="cond=='title'">
					AND    TITLE LIKE '%' || #{keyword}  || '%'
				</when>
				<when test="cond=='artContent'">
					AND    ART_CONTENT LIKE '%' || #{keyword}  || '%'
				</when>
				<when test="cond=='writerName'">
					AND    WRITER_NAME LIKE '%' || #{keyword}  || '%'
				</when>
			</choose>
		</if>
	</sql>
	
	<insert id="insert" parameterType="articleVO">
		<selectKey order="BEFORE" resultType="int" keyProperty="articleNo"> 
			SELECT NVL(MAX(ARTICLE_NO),0)+1 FROM ARTICLE
		</selectKey>
		INSERT INTO ARTICLE(ARTICLE_NO, WRITER_ID, WRITER_NAME, TITLE, ART_CONTENT, 
		    REGDATE, MODDATE, READ_CNT)
		VALUES(#{articleNo},#{writerId},#{writerName},#{title}
			,#{artContent},SYSDATE,NULL,0)
	</insert>
	
	<!-- 글 목록
	파라미터 타입 : hashMap : {show=10, cond=title, keyword=개똥이, currentPage=2}
	리턴 타입 : articleVO
	-->
	<select id="list" parameterType="hashMap" resultType="articleVO">
		WITH U AS(
	    SELECT ROW_NUMBER() OVER (ORDER BY T.ARTICLE_NO DESC) RNUM
	         , T.*
	    FROM (
				SELECT ARTICLE_NO, WRITER_ID, WRITER_NAME, TITLE
				     , ART_CONTENT, REGDATE, MODDATE, READ_CNT
				FROM   ARTICLE
				WHERE  1 = 1
				<include refid="where"></include>
			) T
		)
		SELECT U.*
		FROM   U
		WHERE  U.RNUM BETWEEN (#{currentPage} * #{show}) - (#{show} - 1) AND (#{currentPage} * #{show})
	</select>
	
	<!-- 전체 행의 수(total). {show=10, cond=title, keyword=개똥이, currentPage=2} 포함 -->
	<select id="getTotal" parameterType="hashMap" resultType="int">
		SELECT COUNT(*) 
		FROM   ARTICLE
		WHERE  1 = 1
		<include refid="where"></include>
	</select>
	
	<!-- 글 상세보기  -->
	<select id="detail" parameterType="int" resultType="articleVO">
		SELECT ARTICLE_NO, WRITER_ID, WRITER_NAME, TITLE, ART_CONTENT
		     , REGDATE, MODDATE, READ_CNT
		FROM   ARTICLE
		WHERE  ARTICLE_NO = #{articleNo}
	</select>
	
	<!-- 글 수정하기 -->
	<update id="update" parameterType="articleVO">
		UPDATE ARTICLE
		SET    WRITER_NAME = #{writerName}, TITLE=#{title}, ART_CONTENT=#{artContent}
			 , MODDATE = SYSDATE
		WHERE  ARTICLE_NO = #{articleNo}
	</update>
	
	<!-- 글 삭제하기 -->
	<delete id="delete" parameterType="int">
		DELETE FROM ARTICLE
		WHERE  ARTICLE_NO = #{articleNo}
	</delete>
</mapper>
















