<?xml version="1.0" encoding="UTF-8" ?>
<!DOCTYPE configuration
  PUBLIC "-//mybatis.org//DTD Config 3.0//EN"
  "http://mybatis.org/dtd/mybatis-3-config.dtd">
<configuration>
	<!-- 
	[마이바티스] 스프링에서 "_"를 사용한 컬럼명을 사용 시(BOOK 테이블의 BOOK_ID)
	카멜케이스로 읽어줌(bookId)
	ex) 테이블 컬러명이 member_id인 경우 jsp화면단에서 이 값을 사용 시 memberId로 사용
	-->
	<settings>
		<setting name="mapUnderscoreToCamelCase" value="true"/>
	</settings>
	<!-- 자주 사용하는 타입의 별칭을 세팅 -->
	<typeAliases>
		<typeAlias type="kr.or.ddit.vo.BookVO" alias="bookVO" />
		<typeAlias type="kr.or.ddit.vo.ProductVO" alias="productVO" />
		<typeAlias type="kr.or.ddit.vo.PmemberVO" alias="pmemberVO" />
		<typeAlias type="kr.or.ddit.vo.ArticleVO" alias="articleVO" />
		<typeAlias type="kr.or.ddit.vo.MemVO" alias="memVO" />
		<typeAlias type="kr.or.ddit.vo.MemAuthVO" alias="memAuthVO" />
		<typeAlias type="kr.or.ddit.vo.BomVO" alias="bomVO" />
		<typeAlias type="kr.or.ddit.vo.FruitVO" alias="fruitVO" />
	</typeAliases>
</configuration>







